{
    "name": "SimpleTCA9555",
    "version": "1.1.1",
    "description": "A simple library for the TCA9555 I/O expander with optional interrupt-driven reading of all 16 inputs for Arduino on ESP32.",
    "keywords": "TCA9555, I2C, interrupt, input, ESP32, 16-bit, clock-speed",
    "authors": [
        {
            "name": "Matthew Friskey",
            "maintainer": true
        }
    ],
    "repository": {
        "type": "git",
        "url": "https://github.com/matthewfriskey/SimpleTCA9555.git"
    }
}